[{"Pressed": "'g'"}, {"Held": "'g'"}, {"Released": "'g'"}, {"Pressed": "'o'"}, {"Held": "'o'"}, {"Released": "'o'"}, {"Pressed": "'o'"}, {"Held": "'o'"}, {"Released": "'o'"}, {"Pressed": "'g'"}, {"Held": "'g'"}, {"Released": "'g'"}, {"Pressed": "'l'"}, {"Held": "'l'"}, {"Released": "'l'"}, {"Pressed": "'e'"}, {"Held": "'e'"}, {"Released": "'e'"}, {"Pressed": "'.'"}, {"Held": "'.'"}, {"Released": "'.'"}, {"Pressed": "'c'"}, {"Held": "'c'"}, {"Released": "'c'"}, {"Pressed": "'o'"}, {"Held": "'o'"}, {"Released": "'o'"}, {"Pressed": "'m'"}, {"Held": "'m'"}, {"Released": "'m'"}, {"Pressed": "Key.enter"}, {"Held": "Key.enter"}, {"Released": "Key.enter"}, {"Pressed": "'g'"}, {"Held": "'g'"}, {"Released": "'g'"}, {"Pressed": "'o'"}, {"Held": "'o'"}, {"Released": "'o'"}, {"Pressed": "'o'"}, {"Held": "'o'"}, {"Released": "'o'"}, {"Pressed": "'g'"}, {"Held": "'g'"}, {"Released": "'g'"}, {"Pressed": "'l'"}, {"Held": "'l'"}, {"Released": "'l'"}, {"Pressed": "'e'"}, {"Held": "'e'"}, {"Released": "'e'"}, {"Pressed": "Key.enter"}, {"Held": "Key.enter"}, {"Released": "Key.enter"}]